9783579074030#Selbstständig werden im Glauben#Glaube & Ethik#Die Konfirmandenzeit wird für Jugendliche besonders dann zu einer nachhaltigen Erfah­rung, wenn ihre Eltern Anteil nehmen und sie hilfreich begleiten. Um sie dabei zu unterstützen, bietet diese Broschüre praktische Hinweise zu Formen und Organisation der Konfirmandenzeit in den Gemeinden, Bilder und Berichte zur religiösen und pädagogischen Gestaltung der Konfirmandenarbeit heute sowie Hinweise zur Vorbereitung und Feier der Konfirmation in der Familie. Besonders für die Eltern, für die die Konfirmation ihrer Kinder eine Wiederbegegnung mit Kirche ist, hält dieses Heft zudem Erklärungen zu den Festen und Feiertagen der Kirche, Antworten auf häufig gestellte Fragen und ein kleines Glossar kirchlicher Begriffe bereit. Mit diesem Heft wird die Konfirmandenzeit zu einer Bereicherung auch für die Eltern.
9783570380093#Das Buch der Schatten - Schwarze Seelen#Kinderbuch & Jugendbuch#Als Morgan von einer prophetischen Vision heimgesucht wird, brechen sie und Hunter nach New York auf. Dort scheint ein dunkler Hexenclan Böses zu planen und der Anführer ist niemand Geringeren als Ciaran – der Seelenverwandte und Mörder von Morgans leiblicher Mutter. Auf wen hat er es diesmal abgesehen? Ein Wolfsjunges war in Morgans Vision das Opfer – ein Symbol für ein Kind? Morgan und Hunter setzen alles daran, dieses Kind zu beschützen …
9783453422650#Die Jesuitin von Lissabon#Literatur & Unterhaltung#Antero Moreira de Mendonca hasst die Jesuiten. Als ein Erdbeben von biblischer Wucht 1755 Lissabon zerstört und die Jesuiten den Zorn Gottes predigen, sieht der junge Naturwissenschaftler die Gelegenheit gekommen, sich an dem Orden zu rächen. Doch Gabriel Malagrida, dem als Prophet verehrten Jesuitenführer, gelingt es, Antero ins Gefängnis zu bringen. Er soll hingerichtet werden. Seine einzige Chance, vielleicht noch mit dem Leben davonzukommen, ist die deutsche Kaufmannstochter Leonor. Tatsächlich hilft sie ihm. Doch sie ist, was Antero nicht weiß, ebenfalls eine Jesuitin...
9783453702479#Die Essenz der Lehre Buddhas#Ganzheitliches Bewusstsein--Glaube & Ethik#Klar und verständlich führt der Dalai Lama in die buddhistische Lehre ein und eröffnet praktische Wege für alle, die Gelassenheit und inneren Frieden suchen. Wer diese einfachen, aber bewährten Grundsätze des Dalai Lama übernimmt und nach ihnen lebt, der lebt auch in Harmonie mit sich und seinen Mitmenschen – dies ist die Essenz der Lehre Buddhas.
9783641048198#Das letzte Kind#Literatur & Unterhaltung#Es ist ein Jahr vergangen, seit die 12-jährige Alyssa verschwunden ist. Ihr Zwillingsbruder Johnny hat sich nie einsamer gefühlt. Sein Vater hat die Familie kurz nach dem Verschwinden der Tochter im Stich gelassen, seine Mutter flüchtet sich in eine Beziehung zu einem Mann, den Johnny verachtet. Der zuständige Detective will den Fall nicht schließen, obwohl seine eigene Familie an dieser Obsession zerbricht. Als ein zweites Mädchen verschwindet, weiß Johnny, dass er die beiden Mädchen finden muss. Dieser Junge ist ein moderner Huckleberry Finn und ein Detektiv, wie man ihn sich als Thriller-Leser nicht besser wünschen könnte. Dabei zeigt John Hart nicht nur Johnnys abgrundtiefe Einsamkeit, sondern erzählt eine enorm spannende Geschichte.
9783442376599#Die erste Nacht#Literatur & Unterhaltung#Aus Keiras und Adrians Begegnung ist Liebe geworden, aus ihren Forschungen über den Ursprung der Welt ein verhängnisvolles Chaos. Als Keira im chinesischen Gelben Fluss verunglückt, ist für Adrian alles verloren. Aber dann erhält er einen Hinweis darauf, dass die Frau, die er liebt, noch am Leben sein könnte. Voller Hoffnung macht er sich auf die Suche nach ihr. Doch dunkle Mächte walten im Hintergrund, und Adrian muss sich zwischen seiner Liebe und der Suche nach der Wahrheit entscheiden …
9783453527577#Biokrieg#Literatur & Unterhaltung#Bangkok in naher Zukunft: Klimawandel und die Profitgier der internationalen Großunternehmen haben die Welt, wie wir sie kennen, für immer zerstört. Künstlich generierte Krankheiten, Bioterrorismus und Hungersnöte gehören zum Alltag, die Lebensmittelkonzerne beherrschen die globale Marktwirtschaft. Anderson Lake, Mitarbeiter der Firma AgriGen, versucht, Zugang zu thailändischen Genlaboratorien zu bekommen – weltweit die einzigen, die noch Stammkulturen unverseuchten Getreidesamens besitzen. Doch Thailands Regierung setzt alles daran, das Eindringen der westlichen Konzerne in ihr Land zu verhindern ...
9783336547913#Zartbitter ist das Glück#Literatur & Unterhaltung#Fünf Freundinnen wagen auf Fidschi einen Neuanfang. Vor Kurzem hat Kat bei einem Bootsunfall ihren Mann Niklas verloren. Nach vielen Jahren des Reisens hatten die beiden Weltenbummler aus Norwegen eine Kakaoplantage auf den Fidschiinseln auserkoren, um dort Wurzeln zu schlagen. Nun steht Kat allein da, doch so schnell ist sie nicht bereit, den Traum vom Leben im Paradies aufzugeben. Voller Tatendrang schreibt sie an vier Schulfreundinnen und lädt sie ein, dem kalten Norwegen den Rücken zu kehren und mit ihr auf Fidschi einen Neuanfang zu wagen. Gemeinsam starten sie ein abenteuerliches Vorhaben: Sie wollen nicht nur Kakao anbauen, sondern auch Schokolade herstellen. Wird es den fünf Freundinnen jenseits der fünfzig gelingen, in der Südsee zu einem harmonischen Miteinander und einem glücklicheren Leben zu finden? Liebevoll ausgestattete Ausgabe mit Leinenrücken und Lesebändchen. Ihnen gefällt die Ausstattung unserer WUNDERRAUM-Titel? Wollen Sie mehr Geschichten lesen, die vom Kopf direkt ins Herz gehen? Dann laden Sie sich das kostenlose WUNDERRAUM-Leseproben-E-Book „Willkommen im WUNDERRAUM. Unsere neuen Bücher ab August 2017“ (978-3-641-22290-1) auf Ihren E-Book-Reader.
9783442372201#Zerstört#Literatur & Unterhaltung#Eine Leiche in einem ausgebrannten Auto. Unter Mordverdacht: Lena Adams. Dann eine zweite Leiche. Mit Lenas Messer im Rücken. Chief Jeffrey Tolliver lässt alles stehen und liegen, um seiner besten, aber gefährlich labilen Mitarbeiterin zu Hilfe zu eilen. Dabei macht seine Frau Sara Linton gerade selbst die Hölle durch: Sie soll Schuld tragen am Tod eines Patienten. Sara und Jeffrey fahren in Lenas Heimatstadt Reese, wo Gewalt, Drogen und Lügen regieren. Und wo jeder, der sich einmischt, sein Leben riskiert …
9783570550090#Es war einmal ein Palästina#Sachbuch#Eine meisterhafte Untersuchung des turbulenten Zeitraums vor der Gründung des Staates Israel im Jahr 1948: Lebendig, materialreich und mit analytisch spitzer Feder schildert Tom Segev, wie in den drei Jahrzehnten britischer Herrschaft in Palästina die Wurzeln des israelisch-palästinensischen Konflikts gelegt wurden. Dabei stellt er manche Annahme der herkömmlichen Geschichtsschreibung auf den Kopf.
9783641201678#Blutiger Mond#Literatur & Unterhaltung#Mit der Ruhe in New Lebanon, Indiana, ist es vorbei, als zwei Studentinnen ermordet werden. Bei seinen Ermittlungen stößt Detective Bill Corde zunächst auf die Finanzmisere des College-Direktors. Da kommt es in seinem eigenen Haus zu Ereignissen, die seine Familie in größte Angst versetzen. Bill befürchtet, dass der Täter ihn persönlich in das Verbrechen verwickeln will. Als er sein privates Umfeld genauer unter die Lupe nimmt, wird er auf einen jungen Professor aufmerksam, der seiner Tochter Nachhilfestunden erteilt ...
9783442748495#Das Streichelinstitut#Literatur & Unterhaltung#Sebastian ist ein sensationeller Streichler, beruhigend und aufregend zugleich – findet seine Freundin. Trotzdem war es nur eine Urlaubsalberei, als sie ihm vorschlug, das zu professionalisieren. Natürlich niemals unterhalb der Gürtellinie! Aber in dieser kalten Welt scheint es tatsächlich eine kommerziell verwertbare Sehnsucht nach Zärtlichkeiten zu geben. Sebastians Streichelinstitut hat ungeahnten Erfolg.
9783466310500#5 Grundsteine für die Familie#Ratgeber#Beziehung statt Erziehung lautet das Schlüsselwort zu Jesper Juuls Familienkonzept. Der bekannte Familientherapeut stellt in diesem Buch die fünf Grundsteine vor, auf deren Basis Familienleben gelingen kann: Er erklärt, was es mit Kooperation und Integrität auf sich hat, betont den Vorrang des Selbstwertgefühls gegenüber dem Selbstvertrauen, beschreibt, wie man persönliche Verantwortung übernimmt, warum Eltern als Leuchttürme wirken müssen und wie man die Kunst, »Nein« zu sagen, richtig ausübt. Damit möchte er Impulse setzen, konstruktiv an Konflikte heranzugehen, und Eltern helfen, eine gleichwürdige Beziehung zu ihren Kindern aufzubauen. Eine konzentrierte Zusammenfassung der Erfahrungen aus 35 Jahren Familientherapie.
9783844518115#Hart auf hart#Literatur & Unterhaltung#Adam, der Sohn eines Schuldirektors und Vietnamveterans, kriegt nichts auf die Reihe. Er fliegt von allen Schulen, wandert von einem Psychiater zum anderen, bis die Eltern ihn aufgeben. Doch in Adam tickt eine Bombe. Überall wähnt er Feinde, gegen die es sich zu verteidigen gilt. In der Wildnis, wo er ein Schlafmohnfeld angelegt hat, hortet er Waffen. Aber es gibt jemanden, der sich in ihn verliebt. Sara, die auch gegen vieles steht: Globalisierung, Verschwörer und Staatsgewalt. Als sie ihn am Straßenrand aufgabelt, beginnt eine leidenschaftliche Liaison. Doch bald merkt Sara, dass mit Adam nicht gut zu reden ist – und er es ernst meint mit den Feinden, sehr ernst.
9783328600619#Morgengrauen#Literatur & Unterhaltung#Wenn eine Frau Opfer staatlicher Willkür wird, nur weil sie zur falschen Zeit auf dem Weg zur Arbeit ist. Wenn ein Vater sich gezwungen sieht, über seine Tochter zu richten, um die Ehre der Familie zu retten. Wenn einem Mädchen nur die Flucht von zu Hause bleibt, um selbst über sein Leben zu bestimmen. Jede einzelne der Schicksalsgeschichten lässt einem den Atem stocken, weil nichts so erschütternd ist wie die Realität, aus der Selahattin Demirtaş schöpft. Nur selten kommt man dem Alltag in der islamischen Welt so nahe wie in diesen Erzählungen. Konkret und ungeschönt schildern sie das Leben in der Türkei, das gespalten ist zwischen Tradition und Moderne, Ignoranz und ohnmächtiger Wut. Storys von politischer Wucht – die in der Türkei von Hunderttausenden gelesen werden.
9783837140118#Ohne Liebe trauern die Sterne#Sachbuch--Literatur & Unterhaltung#Sie ist eine der beliebtesten deutschen Schauspielerinnen: Hannelore Hoger. Als eigenwillige Kommissarin Bella Block wurde sie populär, doch das Spektrum ihrer zahlreichen Rollen in Film- und &amp; Theaterproduktionen ist groß. Offen wie noch nie spricht sie über persönliche Vorlieben und Obsessionen, und erzählt ausführlich aus ihrem Leben: von Kindheit und Jugend in Hamburg, von ihren Anfängen und ersten Erfolgen als Schauspielerin, von der Zusammenarbeit mit Regisseuren wie Peter Zadek, Edgar Reitz und Alexander Kluge, die sie prägten, von Kollegen wie Ulrich Wildgruber, Götz George, Harald Juhnke – und ihrer Tochter Nina. „Hannelore Hoger ist eine unglaublich gute Schauspielerin, die einen Regisseur permanent inspiriert. Sie ist bis in die Knochen eine Komödiantin.” Edgar Reitz
9783641052393#Begabte Mädchen, schwierige Jungs#Sachbuch#Warum sind es die »schwierigen Jungs«, die später beeindruckende Karrieren machen, während die viel versprechenden Mädchen immer noch selten auf die Chefsessel gelangen? Susan Pinker zeigt, dass sich Mädchen und Jungs von klein auf unterschiedlich entwickeln und was das für ihre Lebensentscheidungen bedeutet. Dabei stellt sie einige lieb gewonnene Annahmen in Frage und macht klar, dass Männer und Frauen nicht das Gleiche wollen – weder am Arbeitsplatz noch im Leben. Seit vier Jahrzehnten versucht man nun schon, Frauen im Berufsleben die gleichen Chancen zu bieten wie Männern. Und tatsächlich sind Schulen und Universitäten voll von begabten und ambitionierten Mädchen. Jungs dagegen sind überdurchschnittlich stark vertreten unter den sogenannten »Problemkindern«, die sich im Klassenzimmer und Uni-Seminar schwertun und unter Konzentrations- und Lernschwächen leiden. Trotzdem: In den Chefetagen von Wirtschaftskonzernen, in Politik und Wissenschaft sitzen immer noch deutlich mehr Männer als Frauen. Wie kommt es, dass die »schwierigen Jungs« im Berufsleben plötzlich durchstarten und die so begabten und engagierten Mädchen doch nicht in großem Stil die Karriereleitern erklimmen? Susan Pinker wertet neueste Erkenntnisse aus Neurowissenschaften, Ökonomie, vor allem aber aus ihrer eigenen langjährigen psychologischen Praxis aus und zeigt, dass Jungs und Mädchen im Hinblick auf Biologie und Entwicklung von Anfang an verschieden sind und dass Unterschiede zwischen Mann und Frau nach wie vor eine fundamentale Rolle spielen.
9783809436898#Obst- und Gemüsenudeln#Ratgeber#Nudeln ohne Teig, dafür aus Obst und Gemüse sind der große Trend für Genussmenschen und Abnehmwillige, denn hier gibt es viel Geschmack mit weniger Kohlenhydraten, weniger Kalorien und zudem glutenfrei. Das beste Beispiel: Zucchini-Noodles - kurz Zoodles. Dazu gibt es viele leckere Saucen und blitzschnell steht das fertige Gericht auf dem Tisch. Gemüsenudeln können warm oder kalt gegessen werden, sie lassen sich zu Salaten, Puffern, Burgern und Hauptgerichten verarbeiten. Aus Obstnudeln werden Waffeln, Salate, Kuchen, Eis und Desserts.
9783641084202#Brut des Teufels#Literatur & Unterhaltung#Jack Nightingale muss eine Seele retten – die seiner eigenen Schwester. Doch er hat sie seit dem Tag ihrer Geburt nicht mehr gesehen, und jeder, mit dem Jack über seine Schwester spricht, stirbt eines qualvollen Todes. Jack wird klar, dass jemand – oder etwas – entschlossen ist, sich ihm in den Weg zu stellen. Also muss er alles aufbieten, was er einst als Verhandlungsführer bei der Polizei gelernt hat. Doch jede Verhandlung mit den Mächten der Dunkelheit hat ihren Preis. Und Jack muss sich fragen: Ist es jede Seele wert, dass man sie rettet?
9783453677241#Die 100 besten Spiele aller Zeiten#Sachbuch#Große Fußballspiele lassen die Zeit still stehen und brennen sich ein ins kollektive Gedächtnis: Wo warst Du, als Ole Gunnar Solskjær den FC Bayern 1999 in seine tiefste Depression stürzte? Wo, als Klaus Fischer das deutsche Team 1982 gegen Frankreich kurz vor Verlängerung wieder auf die Gewinnerstraße schoss? Oder Günter Netzer sich im Pokalfinale 1973 selbst einwechselte? Die Chefredakteure der „11FREUNDE – Magazin für Fußball-Kultur“, Philipp Köster und Tim Jürgens, erinnern in diesem umfassenden Nachschlagewerk an die 100 außergewöhnlichsten Fußballspiele, lassen Zeitzeugen über ihre Erinnerungen sprechen und zeigen seltene und unvergessliche Fotomomente.
9783328102212#Märchenwelt#Literatur & Unterhaltung--Kinderbuch & Jugendbuch#Märchen sind der älteste Wissensspeicher der Menschheit und ein Spiegel ihrer Träume, Ängste und Wünsche. Michael Köhlmeier, gefeierter Romancier und begnadeter Erzähler, hat einhundert Geschichten aus aller Welt gesammelt und nach Urszenen geordnet. Neben altbekannten Klassikern – etwa den Märchen der Brüder Grimm, von Hans Christian Andersen oder den Geschichten aus Tausendundeiner Nacht – gibt es neue Perlen zu entdecken: isländische Sagen und Märchen aus der Karibik ebenso wie Überlieferungen aus den Steppen Nordamerikas. Ein Schatz für jeden Märchenliebhaber, egal ob groß oder klein.
9783442174850#Wenn Mütter nicht lieben#Sachbuch--Ratgeber#Obwohl lieblose Mütter einen verheerenden Einfluss auf ihre Töchter haben können, lässt sich dieses schmerzliche Erbe dennoch überwinden. Die bekannte Therapeutin Susan Forward zeigt Wege auf, wie Betroffene die negative Dynamik in der Beziehung zur Mutter verstehen und bewältigen können, um sich von den Fesseln der Kindheit zu befreien, emotionale Unterstützung zu erfahren sowie Selbstvertrauen und Selbstachtung zurückzugewinnen.
9783453418530#Total verliebt#Literatur & Unterhaltung#Ich bin die Freundin von Drew Callahan, College-Football-Legende und Traumtyp. Er ist schön, lieb – und trägt noch mehr Geheimnisse mit sich herum als ich. Er hat mich zu einem Teil seines Lebens gemacht, in dem alles nur Schein ist und jeder mich irgendwie hasst. Und wie es aussieht, will ihn jede haben. Aber er hat nur eins im Kopf: mich. Ich weiß nicht, was ich noch glauben soll. Das Einzige, was ich weiß: Drew braucht mich. Und ich will für ihn da sein. Für immer.
9783641089337#Der Flächenbrand der Empörung#Sachbuch#Ein Virus geht um und ist dabei, die ganze Welt zu infizieren. 2001 trat es zum ersten mal auf, als sich neue südamerikanische Regierungen dem Regime der Globalisierung widersetzten. 2011 flammte der Funke der Freiheit in Nordafrika neu auf. Er sprang übers Mittelmeer nach Spanien, wo »Indignados« wochenlang die öffentlichen Plätze besetzten. Er sprang ins finanziell ausgeblutete Griechenland, nach Portugal und Frankreich. In die USA, wo junge Menschen genug hatten von einer Politik nach dem Gusto der Reichen. Nach Israel, Russland und jüngst nach Rumänien. »Nieder mit der Ungleichheit!«, lautet der Schlachtruf der Protestierenden, »Empört euch!« und »Occupy Wall Street!«. In einer Zeit, in der die Demokratie nur noch der illegitimen Elite der Globalisierung und nicht den Menschen zu dienen scheint, für die sie geschaffen wurde, geht ein Aufschrei von Land zu Land: die Empörung einer Zivilgesellschaft, die über Jahrzehnte im Namen eines ideologischen Neoliberalismus gedemütigt wurde. »Die Zeit ist gekommen, um zurückzufordern, was uns gehört!« In diesem machtvollen Aufruf gipfelt Loretta Napoleonis aufrüttelndes Buch, das wie kaum ein anderes die globale Dynamik des gegenwärtigen historischen Umbruchs sichtbar macht.
9783466371518#Charakter#Sachbuch#Wir leben in einer Gesellschaft, die zielorientierte Egoisten hervorbringt. Sie belohnt Verhalten, das zum Erfolg führt, und befördert Kalkül und Eigennutz: eine regelrechte Ich-an-erster-Stelle-Kultur, die uns wettbewerbsfähig machen soll. Aber macht sie uns auch zu wertvollen Persönlichkeiten? Nein, sagt David Brooks. Vielmehr müssen wir wieder lernen, die Welt nicht zu erobern, sondern uns ihr zu verpflichten. Der amerikanische Bestseller-Autor folgt damit der Spur einer großen moralischen Tradition und beweist, dass wir alle nur gewinnen können, wenn wir eine einfache Wahrheit verinnerlichen: Willst du dich selbst verwirklichen, musst du dich auch selbst vergessen können.
9783641231323#Unternehmen Proteus#Literatur & Unterhaltung#Nach dem Ersten Weltkrieg ist den Nationen dieser Erde klar: so etwas darf nie wieder passieren! In der Folge verbessert sich die internationale Zusammenarbeit, die Unterschiede zwischen den Religionen, den Hautfarben, zwischen Ost und West verschwinden im folgenden Jahrhundert immer mehr. Das missfällt vor allem den reichen Industriedynastien, den modernen Aristokraten, die in einem neuen Krieg unermessliche Profite einfahren würden. In den 2020er-Jahren haben sie endgültig genug: sie bauen im Geheimen einen Zeitmaschine und reisen rund hundert Jahre in die Vergangenheit, um sich eines gewissen Adolf Hitlers anzunehmen, dessen radikale Partei nach einem gescheiterten Putschversuch in München in Vergessenheit geraten ist …
9783442731473#Die Tätowierung#Literatur & Unterhaltung#Eines Morgens im Mai wird am Fjordufer von Göteborg eine grausam verstümmelte männliche Leiche gefunden. Wer ist der Tote? Die Polizei tappt lange im Dunkeln, bis sie über eine ungewöhnliche Tätowierung auf der Achsel des Opfers dem unheimlichen Mörder ein Stück näher kommt. Die Ermittlungen führen Inspektorin Irene Huss schließlich nach Kopenhagen, wo zwei Jahre zuvor eine Prostituierte unter ähnlichen Umständen ums Leben kam. Hat man es mit einem Serienmörder zu tun? Fest steht nur eines: der ungewöhnlich brutale Mörder scheint Irene Huss wie ein Schatten zu folgen ...
9783328102625#Die Spur des Teufels#Literatur & Unterhaltung#Michael Gardiner lebt mit seiner Frau zurückgezogen am Rande des schottischen Küstenortes Coldhaven. Eines Morgens liest er in der Lokalzeitung, dass sich seine Jugendliebe Moira umgebracht und ihre beiden kleinen Söhne mit in den Tod genommen hat – nur ihre Tochter Hazel ließ sie am Leben. Moiras Selbstmord lässt in Michael schlagartig Erinnerungen wach werden, die er lange Zeit verdrängt hat ...
9783641142551#Ich und mein anderes Leben#Kinderbuch & Jugendbuch#Schon immer hat Molly Erinnerungslücken. Ganze Stunden und Tage: einfach weg. Was während dieser Blackouts passiert, weiß sie nicht, nur, dass sie danach jedes Mal wie aus einem wilden Traum erwacht. Bis eines Tages nach einem Unfall ein tödlich verletzter Junge in ihren Armen liegt und behauptet, sie zu kennen. Aber Molly kennt diesen Jungen nicht. Oder doch? Als sie sich auf die Suche nach Spuren macht, gerät sie in den Sog einer verstörenden Wahrheit: Sie kannte den Toten, liebte ihn sogar. Aber nicht als Molly. Sondern als Mabel, ihr zweites Ich. Und Mabel hat die Oberhand, wenn Molly ihren Blackout hat.
9783641154752#Das Cinnabar-Kommando#Literatur & Unterhaltung#Lt. Daniel Leary, der beste Mann, den die Space Navy in ihren Reihen hat, steht vor einer doppelten Mission: Als sich der Planet Strymon eines Tages von der Republik Cinnabar lossagt, soll Leary die dortigen Machthaben davon abhalten – und zugleich verhindern, dass die Allianz, Cinnabars Erzfeinde, den Planeten übernimmt. Eigentlich ein einfacher Job. Doch Leary hat nicht mit einem Verräter in den eigenen Reihen gerechnet, der ihn zwingt, sich mit seiner dunklen Vergangenheit auseinanderzusetzen …
9783466458530#Musik für sanfte Träume#Ratgeber#Beruhigende, wohltuende Musik, die Kindern hilft, in den Schlaf zu finden: Dabei gelingt Franz Schuier auch auf seiner neuen CD wieder die große Kunst, nicht nur für die »Schlaftauglichkeit« für die Kleinen zu sorgen, sondern auch die Erwachsenen im Blick zu haben, die die CD oft viele Male mit anhören. So entstehen wunderschöne Stücke, die sowohl auf die Bedürfnisse von Kindern wie die ihrer Eltern eingehen.
9783453270404#Schottendisco#Literatur & Unterhaltung#Zwei Jungs in der schottischen Provinz in den Achtzigern. Kein Plan, keine Perspektive. Was machen? Wie wäre es mit einer mobilen Disco? Gute Popmusik, die gibt es. Und die beiden kennen sich aus. Also wird eine kleine Anlage geliehen, und bald gibt es die ersten Geburtstagspartys. Und das erste Geld. Dumm nur, dass die beiden eines nicht wissen: Die Gegend wird von einem Partyveranstalter kontrolliert, der keinen Spaß versteht, wenn ihm jemand die Aufträge streitig macht.
9783641115777#Star Trek - Voyager: Schicksalspfade#Literatur & Unterhaltung#Auf einer Erkundungsmission gerät ein Teil der Voyager-Besatzung in ein Kriegsgefangenenlager der aggressiven Subu. Um ihre Moral und Entschlossenheit aufrechtzuerhalten, erzählen Chakotay, Tom Paris, Tuvok, Neelix und einige andere von den Pfaden des Schicksals, die sie auf die Voyager führten. Das abendliche Erzählen wird zum lebensrettendem Ritual in der aussichtslosen Situation. Währenddessen versucht Captain Janeway, ihrer Besatzung zu helfen. Zwar hat sie militärisch den Subu nichts entgegenzusetzen - doch sie hat noch ein paar Tricks im Ärmel ...
9783809431961#Ärztewitze#Literatur & Unterhaltung#Wehleidige Patienten, verrückte Hypochonder und dilettantische Götter in Weiß. Bei diesen Witzen ist Blutdrucksteigerung garantiert!
9783453421783#Water - Der Kampf beginnt#Literatur & Unterhaltung#Der US-amerikanische Südwesten kämpft erbittert um die letzten Wasserreserven und die Rechte am Colorado River. Das Gebiet wird von heftigen Sandstürmen heimgesucht, ganze Millionenstädte verelenden, Kriminalität und Korruption greifen um sich. Angel Velasquez gehört zu einem Spezialeinsatzkommando, das die Reservoirs des Bundesstaates verteidigt und notfalls auch mit illegalen Methoden erweitert. Als das Gerücht aufkommt, dass in Phoenix eine neue Wasserquelle aufgetaucht ist, wird er dort hingeschickt. Dabei trifft er die Journalistin Lucy Monroe, die der Quelle ebenfalls auf der Spur ist. Die beiden werden hineingezogen in einen Strudel aus Verrat und Gewalt, und Angel steht plötzlich im Fadenkreuz seiner eigenen Leute.
9783641082680#Wo niemand dich findet#Literatur & Unterhaltung#Privatdetektivin Alexandra Lovell macht verschwundene Menschen ausfindig – und manchen hilft sie dabei unterzutauchen. Der letzteren Kategorie gehört Melanie Bess an: Sie hält es bei ihrem brutalen Mann Craig Coghan nicht mehr aus. Er verfolgt sie auf Schritt und Tritt. Gemeinsam mit Alex plant sie die Einzelheiten ihrer Flucht in ein neues Leben. Doch eines Tages ist sie selbst für Alex nicht mehr erreichbar und wie vom Erdboden verschluckt. Hat der gewalttätige und eifersüchtige Craig von Melanies Plänen Wind bekommen?
9783641565541#Mixed Emotions#Ratgeber#Hier macht’s eindeutig der einzigartige Mix: Uwe Christiansen, einer der renommiertesten Barkeeper Deutschlands, hat für jede Lebenslage die richtige Cocktailmischung. Egal, ob man nach einem entspannten Drink für sich selbst, nach einem spritzigen Partyhighlight oder nach einem kühlen Aperitif fürs Gästemenü sucht– bei über 110 Rezeptideen, klassisch oder neu kreiert, findet jeder Cocktail-Fan das Richtige! Gehen Sie auf Cocktail-Entdeckungstour mit Uwe Christiansen und lassen Sie sich verführen von einem einzigartig gestalteten Buch, das schon beim Durchblättern die Sinne anregt und für Genussstimmung sorgt.
9783844516555#Die Hörspiel-Edition#Literatur & Unterhaltung#"Er war einer der bedeutendsten Dramatiker Amerikas, seine Theaterstücke wie ""Tod eines Handlungsreisenden"" oder ""Hexenjagd"" wurden weltberühmt. Die Ehe mit Marilyn Monroe katapultierte ihn in die Klatschspalten der Magazine. Dennoch behielt er seinen unbestechlichen Blick auf die amerikanische Gesellschaft, war einer ihrer schärfsten Kritiker und entlarvte den American Dream als Illusion. Diese Edition enthält: ""Tod eines Handlungsreisenden"": mit Erich Ponto, Peter Frankenfeld u. a., HR 1950 ""Hexenjagd"": mit Hans Paetsch, Marlene Riphahn u. a., NWDR 1954 ""Eine Art Liebe"": mit Verena von Behr und Matthias Habich, SWF (heute SWR) 1991 ""Brennpunkt"": mit Max Mairich, Hans Quest u. a., WDR/SDR (heute SWR) 1958 ""Mister Peters’ Verbindungen"": mit Felix von Manteuffel, Peter Fricke u. a., WDR 2001 ""Alle meine Söhne"": mit Heinz Drache, Gerhard Geisler u. a., NWDR 1950 ""Clara"": mit Peter Fricke, Günter Mack u. a., NDR 1990"
9783328100195#Die Geschenke meiner Mutter#Literatur & Unterhaltung#Schon lange fürchtete Cecilie sich vor diesem Tag: Ihre an Alzheimer erkrankte Mutter muss in ein Pflegeheim. Beim Ausräumen des Elternhauses findet sie in einer Schublade Zettel, auf denen die Mutter über vier Jahrzehnte hinweg gewissenhaft alle Weihnachtsgeschenke notiert hat, die in der Familie ausgetauscht wurden. Mit den Gaben werden Erinnerungen an geliebte Menschen wach, an Familiendramen, Schicksalsschläge, aber auch große Momente des Glücks. Ein selten schönes, Trost spendendes Buch über die Vergänglichkeit, über die Liebe einer Tochter zu ihrer Mutter, die Kraft der Familie und über die Freude, die das Schenken bereitet.
9783442748976#Schluckspecht#Literatur & Unterhaltung#Mit dem fröhlichen »Egészségdre Palinka« der Tante fing es an, mit dem Schnüffeln am Rumtopf ging es weiter. Dann folgten Eierlikör, die selbstgebraute »Schwarze Johanna«‹, fröhliche Trinkrunden mit Freunden, Mut proben, die Unsicherheiten der Adoleszenz, Bier, Wein, ein wildes Leben für die Kunst, Frauen, Feiern, Probleme, Abstürze. Der Schmerz des von den Eltern verstoßenen Helden und der Versuch, ihn zu vergessen, führen in die Abgründe des Exzesses. Doch wie der Autor selbst, schafft es auch seine Romanfigur, sich auf geradezu mirakulöse Weise am eigenen Schopf aus dem Sumpf des Alkohols zu ziehen.
9783641047047#Überall ist Lönneberga#Sachbuch#Der Schwede tritt zumeist als multifunktionaler Profi auf: Er trägt Dienstuniform, Overalls mit 20 Taschen sowie kiloschwere Ohrenschützer und ist jederzeit über drei Handys erreichbar. Den Rasen mäht er hingebungsvoll. Er singt laut und oft, vor allem, wenn er Manager ist. Das Allemansrätt – das ungeschriebene Gewohnheitsrecht, (fast) überall kurzfristig Quartier aufschlagen zu dürfen – hat ihn tief geprägt: Im Traum nicht käme der Schwede auf die Idee, seine Ferien auf nur einem Campingplatz abzusitzen. Er koppelt seinen Wohnwagen auch nicht ab, sondern fährt damit Brötchen holen. Sein Ordnungs- und Freiheitssinn sind gleichermaßen ausgeprägt. Kein Wunder: Das Land, das er bewohnt, definiert sich seit 1928 als großes „Folkshemmet“ – als „Heim, in dem Gleichberechtigung, Zusammenarbeit und Hilfsbereitschaft herrschen“. Die Schweden duzen sich, reduzieren die Grußformeln auf drei Buchstaben und reden sich grundsätzlich nur mit Vornamen an. Obwohl sie feiern, lieben oder streiten wie andere Erdenbürger auch, ist ihnen der Begriff „Privatleben“ weitgehend unbekannt, liegen doch die Steuerverzeichnisse sämtlicher Bürger einsehbar in jeder Polizeiwache. Gewohnt, ihren Schnaps nur beim Staat zu kaufen, sind die Schweden offen für vielerlei Schnapsideen – um die meisten beneiden wir sie mit gutem Grund. Christoph Borchelt, von Jugend an mit dieser Welt vertraut, porträtiert sie uns augenzwinkernd und informativ, kritisch und liebevoll.
9783421056191#Meine Bilder#Sachbuch#Marcel Reich-Ranicki stellt sechsundsechzig Schriftstellerporträts aus seiner persönlichen Sammlung vor – von Shakespeare über Heine bis Günter Grass und Thomas Bernhard. Wie er in den Besitz der Bilder kam und was sie ihm bedeuten, beschreibt Marcel Reich-Ranicki in kurzen Aufsätzen zu jedem Bild. Jeder Roman ist das Werk seines Autors und zugleich auch das des Lesers. Das gilt für Kunstwerke jeglicher Art und für Bilder ganz besonders. Es geht um das, was der Betrachter sich aus einem Bild macht, was es für ihn darstellt, was es ihm bedeutet. Ein Bildnis Brechts, gezeichnet von Gustav Seitz, wurde zum Ausgangspunkt einer umfangreichen Sammlung von Porträts, vor allem von Schriftstellern, die in seiner Frankfurter Wohnung eng nebeneinander hingen. Marcel Reich-Ranicki hatte sie im Laufe der Jahre in Kunstläden und Antiquariaten erstanden, andere wurden ihm geschenkt. Es sind Zeichnungen, Radierungen und Lithographien, häufig von prominenten Künstlern. Marcel Reich-Ranickis Kommentare zu den Bildern enthalten Charakteristiken und knappe Beurteilungen der Dargestellten. Im Jahr 2003 wurde die Sammlung in Ausstellungen in Frankfurt am Main und in Lübeck gezeigt.
9783778774762#Der Ruf der Geistigen Welt#Ganzheitliches Bewusstsein#Wegweisende Botschaften aus der Geistigen Welt empfangen, die konkreten Rat und Hilfe bieten: Das ist Channeln. Diese mediale Fähigkeit ist in jedem Menschen angelegt – man muss sie nur aktivieren. Wie das geht, zeigt Bahar Yilmaz in ihrem Praxisbuch, das keine Fragen offenlässt: Wie werden die Botschaften empfangen? Wofür kann man Channeling nutzen? Wie lernt man zu erkennen, ob eine Quelle echt und glaubwürdig ist? Als erfolgreiches Medium offenbart Bahar Yilmaz zudem einen ganz neuen Aspekt: Channeln ist durch die Übertragung hoher geistiger Energien sehr heilwirksam. Schritt für Schritt zeigt sie, wie sich jeder mit diesen Energien verbinden und sie im eigenen Leben nutzen kann.
9783844500523#Sag jetzt nichts!#Sachbuch#"Ob Püppchen oder Powerfrau: Frauen wissen scheinbar nicht so recht, was sie eigentlich wollen. Wenn dann auch noch Männer mitreden, wird es wirklich kompliziert. So tobt er täglich, der Kampf der Geschlechter, und das seit über 100 Jahren. Ob in Werbung, Diskussionen, Hits und Filmen, Dorothee Meyer-Kahrweg und Hans Sarkowicz sind überall fündig geworden und haben die besten Originalaufnahmen der letzten Jahrzehnte zu einer so einzigartigen wie urkomischen Sammlung vereint. Und obwohl Bauknecht weiß, was Frauen wünschen und wir das beste im Mann gefunden haben bleiben zwei Rätsel ungelöst: ""Was denkst du gerade?"" und ""Wie war""s für dich?""."
9783641065560#Aus vollem Herzen#Sachbuch#Der international gefeierte Sänger José Carreras erzählt von den großen Erlebnissen und Dramen seines bewegten Lebens, von seinem Aufstieg zum Opernstar und davon, wie wichtig die Musik für ihn war bei seinem Kampf gegen den Krebs. Ein tiefgründiges und außergewöhnliches Zeugnis über die Freude am Leben und den Zauber der Musik – von einem der bedeutendsten Künstler unserer Zeit.
9783641137618#Zebrawald#Kinderbuch & Jugendbuch#Nichts wünscht sich Annie mehr, als ihrem Vater zu begegnen. Doch das ist unmöglich, denn Andrew Snow ist tot. Deshalb denkt sich die Elfjährige mit ihrem Bruder die tollsten Geschichten über ihn aus, im Zebrawald hinter dem Haus ihrer Großmutter. Gran spricht nie über Andrew Snow, aber Gran redet sowieso nicht viel, und in letzter Zeit noch weniger. Als eines Nachts ein entflohener Häftling in ihr Haus eindringt und sie alle drei als Geiseln nimmt, ahnt Annie, dass hinter dem Zebrawald eine ganze Welt liegt, die sie nicht kennt. Und dass ihr Vater nicht von einem wütenden Mann getötet wurde. Sondern dass er selbst der wütende Mann ist.
9783453676732#Die Tür#Literatur & Unterhaltung#Tief und düster ragt es in die Nacht empor. Das sogenannte Horrorhaus. Schreckliche Morde sollen dort über die Jahrzehnte geschehen sein. Immer wieder ist die Rede von Bestien, die grausame Massaker in dem Haus angerichtet haben sollen. Doch wer soll solche Schauergeschichten schon ernst nehmen? Dem jungen Mark geht es vor allem darum, Alison zu beeindrucken. Das Mädchen verspricht ihm ein Date, eine Nacht im Horrorhaus. Im Keller des makabren Anwesens will Mark sich seinen Ängsten stellen – ohne zu wissen, dass ihn ein Inferno des Grauens erwartet …
9783641087555#In den Fängen der Dunkelheit#Literatur & Unterhaltung#Wenn Damali Richards gerade nicht mit ihrer Band durchs Land reist, jagt sie Vampire und Dämonen. Auf das, was sie in den dunkelsten Ecken von New Orleans erwartet, ist sie allerdings nicht vorbereitet. Für die unerschrockene junge Frau beginnt ein Kampf auf Leben und Tod, bei dem sie von ihrer Band unterstützt wird – und von dem mysteriösen Clubbesitzer Carlos Rivera, in dessen Adern mehr als nur menschliches Blut fließt...
9783453630031#Prinzip Menschlichkeit#Sachbuch#Kampf oder Kooperation? Der renommierte Medizinprofessor und Psychotherapeut Joachim Bauer widerlegt die weit verbreitete These, der Mensch sei primär auf Egoismus und Konkurrenz eingestellt. Ausgehend von aktuellsten neurowissenschaftlichen Erkenntnissen zeigt er, dass das menschliche Handeln vielmehr durch das Streben nach Zuwendung, Wertschätzung und Kooperation bestimmt wird.
9783442475063#In seinen Händen#Literatur & Unterhaltung#Die 17-jährige Haley McWaid führt ein idyllisches Vorstadtleben: Sie ist eine mustergültige Schülerin, Captain des Lacrosse-Teams und schon mit einem Bein im renommierten Elite-College. Doch dann verschwindet Haley von einem Tag auf den anderen spurlos, und für die McWaids bricht eine Welt zusammen. Eine verzweifelte Suche beginnt. Dann, endlich, scheint ein Täter gefasst – doch oft ist nichts so, wie es scheint, und die Wahrheit führt ganz nah an den Abgrund ...
